Siegmund, Fernandes, Fernandes.Siegmund@gmx.de
Uhlemann, Leonie, Leonie.Uhlemann@kostnixmails.de
Giesen, Pham, Pham.Giesen@hdm-stuttgart.de
Rieder, Eden, Eden6@live.com
Traub, Lissy, Lissy.Traub@outlook.com
Engelke, Gülsun, Gülsun19@schubidumail.de
Belz, Malo, Malo.Belz@spamhostermail.de
Menke, Vivien, Vivien34@goodstudentmail.de
Senft, Nhi, Nhi81@web.de
Kölbl, Ruben, Ruben.Kölbl@hdm-stuttgart.de
Klocke, Bahija, Bahija11@goodstudentmail.de
Pape, Roger, Roger.Pape@goodstudentmail.de
Holz, Noel, Noel.Holz@yahoo.com
Valentin, Amit, Amit.Valentin@freenet.de
Buss, Murat, Murat.Buss@gmail.com
Kölbl, Madox, Madox81@goodstudentmail.de
Storck, Erik, Erik.Storck@live.com
Wenig, Émile, Émile.Wenig@schubidumail.de
Nagel, Ege, Ege63@freenet.de
Schuh, Vaishaa, Vaishaa.Schuh@schnuppimail.de
Kaden, Ilayda, Ilayda36@yahoo.com
Acker, Huy, Huy94@hurra.de
Spengler, Nouria, Nouria.Spengler@hurra.de
Scheerer, Theda, Theda.Scheerer@kostnixmails.de
Hilbert, Lamine, Lamine82@goodstudentmail.de
Pietzsch, Nic, Nic103@kostnixmails.de
Karg, June, June92@kostnixmails.de
Thimm, Ludwig, Ludwig34@schnuppimail.de
Raith, Lillian, Lillian.Raith@outlook.com
Wolf, Merit, Merit36@hdm-stuttgart.de
Bienert, Tural, Tural.Bienert@outlook.com
Weiser, Francisco, Francisco84@web.de
Griebel, Angeles, Angeles77@gmail.com
Bast, Lamar, Lamar.Bast@schnuppimail.de
Kloss, Görkem, Görkem12@freenet.de
Riemke, Thorsten, null
Horstmann, Hanna, null
Horstinger, Horst, null
